dataset,classifier,metric,experimento,experimento_num,valor,author
Automobile,naive_bayes,f1_score,v1,1,0.3161904761904762,eduardo-cavazin
Automobile,naive_bayes,f1_score,v2,2,0.3267142214510635,eduardo-cavazin
Automobile,naive_bayes,f1_score,v3,3,0.5336363636363637,eduardo-cavazin
Automobile,naive_bayes,f1_score,v4,4,0.3914285714285714,eduardo-cavazin
Automobile,naive_bayes,f1_score,v5,5,0.3169172932330826,eduardo-cavazin
Automobile,naive_bayes,f1_score,v6,6,0.3782558021688456,eduardo-cavazin
Automobile,naive_bayes,f1_score,v7,7,0.4982857142857142,eduardo-cavazin
Automobile,naive_bayes,f1_score,v8,8,0.4596425796425796,eduardo-cavazin
Automobile,naive_bayes,f1_score,v9,9,0.5422077922077922,eduardo-cavazin
Automobile,naive_bayes,f1_score,v10,10,0.3356060606060606,eduardo-cavazin
Automobile,naive_bayes,f1_score,v11,11,0.3428571428571428,eduardo-cavazin
Automobile,naive_bayes,f1_score,v12,12,0.4945209176788124,eduardo-cavazin
Automobile,naive_bayes,f1_score,v13,13,0.4676190476190475,eduardo-cavazin
Automobile,naive_bayes,f1_score,v14,14,0.4557142857142857,eduardo-cavazin
Automobile,naive_bayes,f1_score,v15,15,0.5022644022644023,eduardo-cavazin
Automobile,naive_bayes,f1_score,v16,16,0.3466666666666666,eduardo-cavazin
Automobile,naive_bayes,f1_score,v17,17,0.4705882352941176,eduardo-cavazin
Automobile,naive_bayes,f1_score,v18,18,0.4056364687943635,eduardo-cavazin
Automobile,naive_bayes,f1_score,v19,19,0.3309283309283309,eduardo-cavazin
Automobile,naive_bayes,f1_score,v20,20,0.5387362637362637,eduardo-cavazin
Car Evaluation,naive_bayes,f1_score,v1,1,0.5454545454545454,vitor-oliveira
Car Evaluation,naive_bayes,f1_score,v2,2,0.5454545454545454,vitor-oliveira
Car Evaluation,naive_bayes,f1_score,v3,3,0.5454545454545454,vitor-oliveira
Car Evaluation,naive_bayes,f1_score,v4,4,0.5454545454545454,vitor-oliveira
Car Evaluation,naive_bayes,f1_score,v5,5,0.5454545454545454,vitor-oliveira
Car Evaluation,naive_bayes,f1_score,v6,6,0.6744186046511628,vitor-oliveira
Car Evaluation,naive_bayes,f1_score,v7,7,0.6744186046511628,vitor-oliveira
Car Evaluation,naive_bayes,f1_score,v8,8,0.6744186046511628,vitor-oliveira
Car Evaluation,naive_bayes,f1_score,v9,9,0.6744186046511628,vitor-oliveira
Car Evaluation,naive_bayes,f1_score,v10,10,0.6744186046511628,vitor-oliveira
Car Evaluation,naive_bayes,f1_score,v11,11,0.6301369863013699,vitor-oliveira
Car Evaluation,naive_bayes,f1_score,v12,12,0.6301369863013699,vitor-oliveira
Car Evaluation,naive_bayes,f1_score,v13,13,0.6301369863013699,vitor-oliveira
Car Evaluation,naive_bayes,f1_score,v14,14,0.6301369863013699,vitor-oliveira
Car Evaluation,naive_bayes,f1_score,v15,15,0.6301369863013699,vitor-oliveira
Car Evaluation,naive_bayes,f1_score,v16,16,0.7435897435897436,vitor-oliveira
Car Evaluation,naive_bayes,f1_score,v17,17,0.7435897435897436,vitor-oliveira
Car Evaluation,naive_bayes,f1_score,v18,18,0.7435897435897436,vitor-oliveira
Car Evaluation,naive_bayes,f1_score,v19,19,0.7435897435897436,vitor-oliveira
Car Evaluation,naive_bayes,f1_score,v20,20,0.7435897435897436,vitor-oliveira
Mushroom,naive_bayes,f1_score,v1,1,0.6693262411347518,renato-augusto-v2
Mushroom,naive_bayes,f1_score,v2,2,0.6693262411347518,renato-augusto-v2
Mushroom,naive_bayes,f1_score,v3,3,0.6693262411347517,renato-augusto-v2
Mushroom,naive_bayes,f1_score,v4,4,0.6693262411347518,renato-augusto-v2
Mushroom,naive_bayes,f1_score,v5,5,0.6693262411347518,renato-augusto-v2
Mushroom,naive_bayes,f1_score,v6,6,0.6586879432624113,renato-augusto-v2
Mushroom,naive_bayes,f1_score,v7,7,0.6586879432624113,renato-augusto-v2
Mushroom,naive_bayes,f1_score,v8,8,0.6586879432624113,renato-augusto-v2
Mushroom,naive_bayes,f1_score,v9,9,0.6586879432624113,renato-augusto-v2
Mushroom,naive_bayes,f1_score,v10,10,0.6586879432624113,renato-augusto-v2
Mushroom,naive_bayes,f1_score,v11,11,0.6613475177304965,renato-augusto-v2
Mushroom,naive_bayes,f1_score,v12,12,0.6613475177304965,renato-augusto-v2
Mushroom,naive_bayes,f1_score,v13,13,0.6613475177304965,renato-augusto-v2
Mushroom,naive_bayes,f1_score,v14,14,0.6613475177304965,renato-augusto-v2
Mushroom,naive_bayes,f1_score,v15,15,0.6613475177304965,renato-augusto-v2
Mushroom,naive_bayes,f1_score,v16,16,0.6586879432624113,renato-augusto-v2
Mushroom,naive_bayes,f1_score,v17,17,0.6586879432624113,renato-augusto-v2
Mushroom,naive_bayes,f1_score,v18,18,0.6586879432624113,renato-augusto-v2
Mushroom,naive_bayes,f1_score,v19,19,0.6586879432624113,renato-augusto-v2
Mushroom,naive_bayes,f1_score,v20,20,0.6586879432624113,renato-augusto-v2
Rice,naive_bayes,f1_score,v1,1,0.9665831244778612,rafael-scarpelli
Rice,naive_bayes,f1_score,v2,2,0.9665831244778612,rafael-scarpelli
Rice,naive_bayes,f1_score,v3,3,0.9665831244778612,rafael-scarpelli
Rice,naive_bayes,f1_score,v4,4,0.9665831244778612,rafael-scarpelli
Rice,naive_bayes,f1_score,v5,5,1.0,rafael-scarpelli
Rice,naive_bayes,f1_score,v6,6,0.899749373433584,rafael-scarpelli
Rice,naive_bayes,f1_score,v7,7,0.9326599326599326,rafael-scarpelli
Rice,naive_bayes,f1_score,v8,8,0.8976982097186701,rafael-scarpelli
Rice,naive_bayes,f1_score,v9,9,0.899749373433584,rafael-scarpelli
Rice,naive_bayes,f1_score,v10,10,1.0,rafael-scarpelli
Rice,naive_bayes,f1_score,v11,11,0.899749373433584,rafael-scarpelli
Rice,naive_bayes,f1_score,v12,12,0.899749373433584,rafael-scarpelli
Rice,naive_bayes,f1_score,v13,13,0.8976982097186701,rafael-scarpelli
Rice,naive_bayes,f1_score,v14,14,1.0,rafael-scarpelli
Rice,naive_bayes,f1_score,v15,15,0.8653198653198654,rafael-scarpelli
Rice,naive_bayes,f1_score,v16,16,0.9665831244778612,rafael-scarpelli
Rice,naive_bayes,f1_score,v17,17,0.9326599326599326,rafael-scarpelli
Rice,naive_bayes,f1_score,v18,18,0.9326599326599326,rafael-scarpelli
Rice,naive_bayes,f1_score,v19,19,1.0,rafael-scarpelli
Rice,naive_bayes,f1_score,v20,20,0.9665831244778612,rafael-scarpelli
accelerator-mobile,naive_bayes,f1_score,v1,1,0.496,gregory--soares
accelerator-mobile,naive_bayes,f1_score,v2,2,0.495,gregory--soares
accelerator-mobile,naive_bayes,f1_score,v3,3,0.495,gregory--soares
accelerator-mobile,naive_bayes,f1_score,v4,4,0.62,gregory--soares
accelerator-mobile,naive_bayes,f1_score,v5,5,0.495,gregory--soares
accelerator-mobile,naive_bayes,f1_score,v6,6,0.496,gregory--soares
accelerator-mobile,naive_bayes,f1_score,v7,7,0.652,gregory--soares
accelerator-mobile,naive_bayes,f1_score,v8,8,0.495,gregory--soares
accelerator-mobile,naive_bayes,f1_score,v9,9,0.496,gregory--soares
accelerator-mobile,naive_bayes,f1_score,v10,10,0.496,gregory--soares
accelerator-mobile,naive_bayes,f1_score,v11,11,0.497,gregory--soares
accelerator-mobile,naive_bayes,f1_score,v12,12,0.495,gregory--soares
accelerator-mobile,naive_bayes,f1_score,v13,13,0.496,gregory--soares
accelerator-mobile,naive_bayes,f1_score,v14,14,0.495,gregory--soares
accelerator-mobile,naive_bayes,f1_score,v15,15,0.497,gregory--soares
accelerator-mobile,naive_bayes,f1_score,v16,16,0.495,gregory--soares
accelerator-mobile,naive_bayes,f1_score,v17,17,0.496,gregory--soares
accelerator-mobile,naive_bayes,f1_score,v18,18,0.495,gregory--soares
accelerator-mobile,naive_bayes,f1_score,v19,19,0.497,gregory--soares
accelerator-mobile,naive_bayes,f1_score,v20,20,0.495,gregory--soares
agaricus-lepiota,naive_bayes,f1_score,v1,1,0.6059167463140986,vitor--garcia
agaricus-lepiota,naive_bayes,f1_score,v2,2,0.5840070672050197,vitor--garcia
agaricus-lepiota,naive_bayes,f1_score,v3,3,0.5692927292234051,vitor--garcia
agaricus-lepiota,naive_bayes,f1_score,v4,4,0.6038739528214526,vitor--garcia
agaricus-lepiota,naive_bayes,f1_score,v5,5,0.6309383588535532,vitor--garcia
agaricus-lepiota,naive_bayes,f1_score,v6,6,0.5978903243540407,vitor--garcia
agaricus-lepiota,naive_bayes,f1_score,v7,7,0.6058629587155964,vitor--garcia
agaricus-lepiota,naive_bayes,f1_score,v8,8,0.6325531441398728,vitor--garcia
agaricus-lepiota,naive_bayes,f1_score,v9,9,0.5792390493445594,vitor--garcia
agaricus-lepiota,naive_bayes,f1_score,v10,10,0.5815917440282923,vitor--garcia
agaricus-lepiota,naive_bayes,f1_score,v11,11,0.6214415657056591,vitor--garcia
agaricus-lepiota,naive_bayes,f1_score,v12,12,0.5878574931424907,vitor--garcia
agaricus-lepiota,naive_bayes,f1_score,v13,13,0.587466829965299,vitor--garcia
agaricus-lepiota,naive_bayes,f1_score,v14,14,0.5833584365403346,vitor--garcia
agaricus-lepiota,naive_bayes,f1_score,v15,15,0.6037917900973339,vitor--garcia
agaricus-lepiota,naive_bayes,f1_score,v16,16,0.5843160377358491,vitor--garcia
agaricus-lepiota,naive_bayes,f1_score,v17,17,0.5903804671132608,vitor--garcia
agaricus-lepiota,naive_bayes,f1_score,v18,18,0.5871385360608644,vitor--garcia
agaricus-lepiota,naive_bayes,f1_score,v19,19,0.5870359140219662,vitor--garcia
agaricus-lepiota,naive_bayes,f1_score,v20,20,0.6395937367752856,vitor--garcia
bank,naive_bayes,f1_score,v1,1,0.5843560336599342,rafael-leonardo
bank,naive_bayes,f1_score,v1,1,0.6294320923257481,ana--beatriz
bank,naive_bayes,f1_score,v2,2,0.6926691902507089,rafael-leonardo
bank,naive_bayes,f1_score,v2,2,0.6178300865800865,ana--beatriz
bank,naive_bayes,f1_score,v3,3,0.7919299937701778,rafael-leonardo
bank,naive_bayes,f1_score,v3,3,0.6541804382421349,ana--beatriz
bank,naive_bayes,f1_score,v4,4,0.7181560141314829,rafael-leonardo
bank,naive_bayes,f1_score,v4,4,0.6318495839221228,ana--beatriz
bank,naive_bayes,f1_score,v5,5,0.591715622573552,rafael-leonardo
bank,naive_bayes,f1_score,v5,5,0.660575719649562,ana--beatriz
bank,naive_bayes,f1_score,v6,6,0.758194685714284,rafael-leonardo
bank,naive_bayes,f1_score,v6,6,0.6477937954664831,ana--beatriz
bank,naive_bayes,f1_score,v7,7,0.6565673576674543,rafael-leonardo
bank,naive_bayes,f1_score,v7,7,0.645399088339127,ana--beatriz
bank,naive_bayes,f1_score,v8,8,0.6221967743294615,rafael-leonardo
bank,naive_bayes,f1_score,v8,8,0.6473736705410663,ana--beatriz
bank,naive_bayes,f1_score,v9,9,0.5216817804665652,rafael-leonardo
bank,naive_bayes,f1_score,v9,9,0.6484036796536796,ana--beatriz
bank,naive_bayes,f1_score,v10,10,0.6209737674474347,rafael-leonardo
bank,naive_bayes,f1_score,v10,10,0.6198732048130418,ana--beatriz
bank,naive_bayes,f1_score,v11,11,0.5169524574124115,rafael-leonardo
bank,naive_bayes,f1_score,v11,11,0.6115024766097964,ana--beatriz
bank,naive_bayes,f1_score,v12,12,0.5812323963738519,rafael-leonardo
bank,naive_bayes,f1_score,v12,12,0.66726599178598,ana--beatriz
bank,naive_bayes,f1_score,v13,13,0.6456748135670844,rafael-leonardo
bank,naive_bayes,f1_score,v13,13,0.6308470290771175,ana--beatriz
bank,naive_bayes,f1_score,v14,14,0.741431999977946,rafael-leonardo
bank,naive_bayes,f1_score,v14,14,0.6818460031827641,ana--beatriz
bank,naive_bayes,f1_score,v15,15,0.7281979779264149,rafael-leonardo
bank,naive_bayes,f1_score,v15,15,0.5706901426622416,ana--beatriz
bank,naive_bayes,f1_score,v16,16,0.79394034628011,rafael-leonardo
bank,naive_bayes,f1_score,v16,16,0.6115717186943869,ana--beatriz
bank,naive_bayes,f1_score,v17,17,0.6645327731330738,rafael-leonardo
bank,naive_bayes,f1_score,v17,17,0.6674432863274065,ana--beatriz
bank,naive_bayes,f1_score,v18,18,0.7592309299460753,rafael-leonardo
bank,naive_bayes,f1_score,v18,18,0.6872643712990669,ana--beatriz
bank,naive_bayes,f1_score,v19,19,0.6411967876765267,rafael-leonardo
bank,naive_bayes,f1_score,v19,19,0.6083220927856121,ana--beatriz
bank,naive_bayes,f1_score,v20,20,0.52180965021459,rafael-leonardo
bank,naive_bayes,f1_score,v20,20,0.6196462953520189,ana--beatriz
breast-cancer-wisconsin.csv,naive_bayes,f1_score,v1,1,0.9503432111166916,mateus--raskoski
breast-cancer-wisconsin.csv,naive_bayes,f1_score,v2,2,0.9573446961202065,mateus--raskoski
breast-cancer-wisconsin.csv,naive_bayes,f1_score,v3,3,0.9645308650833512,mateus--raskoski
breast-cancer-wisconsin.csv,naive_bayes,f1_score,v4,4,0.964516842745727,mateus--raskoski
breast-cancer-wisconsin.csv,naive_bayes,f1_score,v5,5,0.9644110856641084,mateus--raskoski
breast-cancer-wisconsin.csv,naive_bayes,f1_score,v6,6,0.9715631307468042,mateus--raskoski
breast-cancer-wisconsin.csv,naive_bayes,f1_score,v7,7,0.9575238095238096,mateus--raskoski
breast-cancer-wisconsin.csv,naive_bayes,f1_score,v8,8,0.9503432111166916,mateus--raskoski
breast-cancer-wisconsin.csv,naive_bayes,f1_score,v9,9,0.9716677682308876,mateus--raskoski
breast-cancer-wisconsin.csv,naive_bayes,f1_score,v10,10,0.9499813049509606,mateus--raskoski
breast-cancer-wisconsin.csv,naive_bayes,f1_score,v11,11,0.9506666666666668,mateus--raskoski
breast-cancer-wisconsin.csv,naive_bayes,f1_score,v12,12,0.985781565373402,mateus--raskoski
breast-cancer-wisconsin.csv,naive_bayes,f1_score,v13,13,0.9433650793650794,mateus--raskoski
breast-cancer-wisconsin.csv,naive_bayes,f1_score,v14,14,0.9787185190500108,mateus--raskoski
breast-cancer-wisconsin.csv,naive_bayes,f1_score,v15,15,0.9424460431654677,mateus--raskoski
breast-cancer-wisconsin.csv,naive_bayes,f1_score,v16,16,0.9787101056474362,mateus--raskoski
breast-cancer-wisconsin.csv,naive_bayes,f1_score,v17,17,0.9576810499480692,mateus--raskoski
breast-cancer-wisconsin.csv,naive_bayes,f1_score,v18,18,0.9501211199369052,mateus--raskoski
breast-cancer-wisconsin.csv,naive_bayes,f1_score,v19,19,0.9787185190500108,mateus--raskoski
breast-cancer-wisconsin.csv,naive_bayes,f1_score,v20,20,0.9429504486298602,mateus--raskoski
car.csv,naive_bayes,f1_score,v1,1,0.6955683118924367,romulo-jordao
car.csv,naive_bayes,f1_score,v2,2,0.7214130661954704,romulo-jordao
car.csv,naive_bayes,f1_score,v3,3,0.7693750773078984,romulo-jordao
car.csv,naive_bayes,f1_score,v4,4,0.7383986928104576,romulo-jordao
car.csv,naive_bayes,f1_score,v5,5,0.7734161079233636,romulo-jordao
car.csv,naive_bayes,f1_score,v6,6,0.7414534600389864,romulo-jordao
car.csv,naive_bayes,f1_score,v7,7,0.694867274681219,romulo-jordao
car.csv,naive_bayes,f1_score,v8,8,0.7528569688109162,romulo-jordao
car.csv,naive_bayes,f1_score,v9,9,0.7745768283423152,romulo-jordao
car.csv,naive_bayes,f1_score,v10,10,0.7308239024842291,romulo-jordao
car.csv,naive_bayes,f1_score,v11,11,0.7175007879272641,romulo-jordao
car.csv,naive_bayes,f1_score,v12,12,0.7150118783787169,romulo-jordao
car.csv,naive_bayes,f1_score,v13,13,0.7413763701215861,romulo-jordao
car.csv,naive_bayes,f1_score,v14,14,0.7648417087374342,romulo-jordao
car.csv,naive_bayes,f1_score,v15,15,0.7583717357910906,romulo-jordao
car.csv,naive_bayes,f1_score,v16,16,0.7449090655995534,romulo-jordao
car.csv,naive_bayes,f1_score,v17,17,0.7197541657508263,romulo-jordao
car.csv,naive_bayes,f1_score,v18,18,0.7036815087804622,romulo-jordao
car.csv,naive_bayes,f1_score,v19,19,0.7778633004926109,romulo-jordao
car.csv,naive_bayes,f1_score,v20,20,0.7550512492197672,romulo-jordao
data.csv,naive_bayes,f1_score,v1,1,0.5759757354946173,luiz-miguel-silva
data.csv,naive_bayes,f1_score,v2,2,0.5824775353016688,luiz-miguel-silva
data.csv,naive_bayes,f1_score,v3,3,0.5305674717672684,luiz-miguel-silva
data.csv,naive_bayes,f1_score,v4,4,0.5750612074678184,luiz-miguel-silva
data.csv,naive_bayes,f1_score,v5,5,0.5064840570007626,luiz-miguel-silva
data.csv,naive_bayes,f1_score,v6,6,0.5387386824969826,luiz-miguel-silva
data.csv,naive_bayes,f1_score,v7,7,0.5546750916039956,luiz-miguel-silva
data.csv,naive_bayes,f1_score,v8,8,0.569884516093147,luiz-miguel-silva
data.csv,naive_bayes,f1_score,v9,9,0.5501327106874266,luiz-miguel-silva
data.csv,naive_bayes,f1_score,v10,10,0.5648377826279701,luiz-miguel-silva
data.csv,naive_bayes,f1_score,v11,11,0.550433074708437,luiz-miguel-silva
data.csv,naive_bayes,f1_score,v12,12,0.5379115379115379,luiz-miguel-silva
data.csv,naive_bayes,f1_score,v13,13,0.5455736029571646,luiz-miguel-silva
data.csv,naive_bayes,f1_score,v14,14,0.521900462802619,luiz-miguel-silva
data.csv,naive_bayes,f1_score,v15,15,0.5438427871148459,luiz-miguel-silva
data.csv,naive_bayes,f1_score,v16,16,0.5749398569397073,luiz-miguel-silva
data.csv,naive_bayes,f1_score,v17,17,0.6154658147632478,luiz-miguel-silva
data.csv,naive_bayes,f1_score,v18,18,0.5625985400537342,luiz-miguel-silva
data.csv,naive_bayes,f1_score,v19,19,0.5863101788951216,luiz-miguel-silva
data.csv,naive_bayes,f1_score,v20,20,0.6063515509968056,luiz-miguel-silva
garments-workers,naive_bayes,f1_score,v1,1,0.6422211429496519,isaque--cruz
garments-workers,naive_bayes,f1_score,v2,2,0.6959089841259187,isaque--cruz
garments-workers,naive_bayes,f1_score,v3,3,0.6451855836471221,isaque--cruz
garments-workers,naive_bayes,f1_score,v4,4,0.6588947873061902,isaque--cruz
garments-workers,naive_bayes,f1_score,v5,5,0.6532064023433414,isaque--cruz
garments-workers,naive_bayes,f1_score,v6,6,0.6863298259140171,isaque--cruz
garments-workers,naive_bayes,f1_score,v7,7,0.634272899508951,isaque--cruz
garments-workers,naive_bayes,f1_score,v8,8,0.7004036109313861,isaque--cruz
garments-workers,naive_bayes,f1_score,v9,9,0.6108058608058609,isaque--cruz
garments-workers,naive_bayes,f1_score,v10,10,0.6773537396553562,isaque--cruz
garments-workers,naive_bayes,f1_score,v11,11,0.6862342261084525,isaque--cruz
garments-workers,naive_bayes,f1_score,v12,12,0.6834516344654168,isaque--cruz
garments-workers,naive_bayes,f1_score,v13,13,0.6419378815590576,isaque--cruz
garments-workers,naive_bayes,f1_score,v14,14,0.6514393957870946,isaque--cruz
garments-workers,naive_bayes,f1_score,v15,15,0.6481368563685637,isaque--cruz
garments-workers,naive_bayes,f1_score,v16,16,0.6565964440460182,isaque--cruz
garments-workers,naive_bayes,f1_score,v17,17,0.6696476894925388,isaque--cruz
garments-workers,naive_bayes,f1_score,v18,18,0.6971992746322788,isaque--cruz
garments-workers,naive_bayes,f1_score,v19,19,0.6223803047738605,isaque--cruz
garments-workers,naive_bayes,f1_score,v20,20,0.6427082358346876,isaque--cruz
glass_identification,naive_bayes,f1_score,v1,1,0.3832671957671957,andrey--jodar
glass_identification,naive_bayes,f1_score,v2,2,0.4250528444076831,andrey--jodar
glass_identification,naive_bayes,f1_score,v3,3,0.4201680672268907,andrey--jodar
glass_identification,naive_bayes,f1_score,v4,4,0.3691520467836257,andrey--jodar
glass_identification,naive_bayes,f1_score,v5,5,0.4619047619047619,andrey--jodar
glass_identification,naive_bayes,f1_score,v6,6,0.4286638789326961,andrey--jodar
glass_identification,naive_bayes,f1_score,v7,7,0.4506721348826612,andrey--jodar
glass_identification,naive_bayes,f1_score,v8,8,0.5367543859649123,andrey--jodar
glass_identification,naive_bayes,f1_score,v9,9,0.4222222222222222,andrey--jodar
glass_identification,naive_bayes,f1_score,v10,10,0.4788178780284043,andrey--jodar
glass_identification,naive_bayes,f1_score,v11,11,0.3090277777777777,andrey--jodar
glass_identification,naive_bayes,f1_score,v12,12,0.4181167851756087,andrey--jodar
glass_identification,naive_bayes,f1_score,v13,13,0.4974912165129556,andrey--jodar
glass_identification,naive_bayes,f1_score,v14,14,0.4481481481481482,andrey--jodar
glass_identification,naive_bayes,f1_score,v15,15,0.4366096866096866,andrey--jodar
glass_identification,naive_bayes,f1_score,v16,16,0.426750637276953,andrey--jodar
glass_identification,naive_bayes,f1_score,v17,17,0.5761183261183261,andrey--jodar
glass_identification,naive_bayes,f1_score,v18,18,0.4140085061137692,andrey--jodar
glass_identification,naive_bayes,f1_score,v19,19,0.4774374331887065,andrey--jodar
glass_identification,naive_bayes,f1_score,v20,20,0.3925834022608216,andrey--jodar
iris,naive_bayes,f1_score,v1,1,1.0,pablo-v2
iris,naive_bayes,f1_score,v1,1,0.6470588235294118,gustavo--cruz-v2
iris,naive_bayes,f1_score,v2,2,0.9326599326599326,pablo-v2
iris,naive_bayes,f1_score,v2,2,1.0,gustavo--cruz-v2
iris,naive_bayes,f1_score,v3,3,1.0,pablo-v2
iris,naive_bayes,f1_score,v3,3,0.4736842105263157,gustavo--cruz-v2
iris,naive_bayes,f1_score,v4,4,0.9333333333333332,pablo-v2
iris,naive_bayes,f1_score,v4,4,0.9657142857142856,gustavo--cruz-v2
iris,naive_bayes,f1_score,v5,5,0.8976982097186701,pablo-v2
iris,naive_bayes,f1_score,v5,5,0.6470588235294118,gustavo--cruz-v2
iris,naive_bayes,f1_score,v6,6,0.9665831244778612,pablo-v2
iris,naive_bayes,f1_score,v6,6,1.0,gustavo--cruz-v2
iris,naive_bayes,f1_score,v7,7,0.9665831244778612,pablo-v2
iris,naive_bayes,f1_score,v7,7,0.4736842105263157,gustavo--cruz-v2
iris,naive_bayes,f1_score,v8,8,0.9665831244778612,pablo-v2
iris,naive_bayes,f1_score,v8,8,0.9657142857142856,gustavo--cruz-v2
iris,naive_bayes,f1_score,v9,9,1.0,pablo-v2
iris,naive_bayes,f1_score,v9,9,0.6470588235294118,gustavo--cruz-v2
iris,naive_bayes,f1_score,v10,10,0.899749373433584,pablo-v2
iris,naive_bayes,f1_score,v10,10,1.0,gustavo--cruz-v2
iris,naive_bayes,f1_score,v11,11,1.0,pablo-v2
iris,naive_bayes,f1_score,v11,11,0.4736842105263157,gustavo--cruz-v2
iris,naive_bayes,f1_score,v12,12,0.9333333333333332,pablo-v2
iris,naive_bayes,f1_score,v12,12,0.9657142857142856,gustavo--cruz-v2
iris,naive_bayes,f1_score,v13,13,0.9326599326599326,pablo-v2
iris,naive_bayes,f1_score,v13,13,0.6470588235294118,gustavo--cruz-v2
iris,naive_bayes,f1_score,v14,14,0.9665831244778612,pablo-v2
iris,naive_bayes,f1_score,v14,14,1.0,gustavo--cruz-v2
iris,naive_bayes,f1_score,v15,15,0.9665831244778612,pablo-v2
iris,naive_bayes,f1_score,v15,15,0.4736842105263157,gustavo--cruz-v2
iris,naive_bayes,f1_score,v16,16,0.9326599326599326,pablo-v2
iris,naive_bayes,f1_score,v16,16,0.9657142857142856,gustavo--cruz-v2
iris,naive_bayes,f1_score,v17,17,1.0,pablo-v2
iris,naive_bayes,f1_score,v17,17,0.6470588235294118,gustavo--cruz-v2
iris,naive_bayes,f1_score,v18,18,1.0,pablo-v2
iris,naive_bayes,f1_score,v18,18,1.0,gustavo--cruz-v2
iris,naive_bayes,f1_score,v19,19,0.9665831244778612,pablo-v2
iris,naive_bayes,f1_score,v19,19,0.4736842105263157,gustavo--cruz-v2
iris,naive_bayes,f1_score,v20,20,0.9333333333333332,pablo-v2
iris,naive_bayes,f1_score,v20,20,0.9657142857142856,gustavo--cruz-v2
mushroom,naive_bayes,f1_score,v1,1,0.4410728382463369,thalles--barros
mushroom,naive_bayes,f1_score,v2,2,0.5443349753694581,thalles--barros
mushroom,naive_bayes,f1_score,v3,3,0.8572859969011414,thalles--barros
mushroom,naive_bayes,f1_score,v4,4,0.6873464594164855,thalles--barros
mushroom,naive_bayes,f1_score,v5,5,0.9468759508282596,thalles--barros
mushroom,naive_bayes,f1_score,v6,6,0.4410728382463369,thalles--barros
mushroom,naive_bayes,f1_score,v7,7,0.4818391914732158,thalles--barros
mushroom,naive_bayes,f1_score,v8,8,0.8572859969011414,thalles--barros
mushroom,naive_bayes,f1_score,v9,9,0.6873464594164855,thalles--barros
mushroom,naive_bayes,f1_score,v10,10,0.9468759508282596,thalles--barros
mushroom,naive_bayes,f1_score,v11,11,0.4410728382463369,thalles--barros
mushroom,naive_bayes,f1_score,v12,12,0.4818391914732158,thalles--barros
mushroom,naive_bayes,f1_score,v13,13,0.8572859969011414,thalles--barros
mushroom,naive_bayes,f1_score,v14,14,0.6873464594164855,thalles--barros
mushroom,naive_bayes,f1_score,v15,15,0.9468759508282596,thalles--barros
mushroom,naive_bayes,f1_score,v16,16,0.4410728382463369,thalles--barros
mushroom,naive_bayes,f1_score,v17,17,0.4818391914732158,thalles--barros
mushroom,naive_bayes,f1_score,v18,18,0.8572859969011414,thalles--barros
mushroom,naive_bayes,f1_score,v19,19,0.6873464594164855,thalles--barros
mushroom,naive_bayes,f1_score,v20,20,0.9468759508282596,thalles--barros
spambase,naive_bayes,f1_score,v1,1,0.7998145730449755,arthur--heiji
spambase,naive_bayes,f1_score,v2,2,0.8272608437314319,arthur--heiji
spambase,naive_bayes,f1_score,v3,3,0.8367590279354985,arthur--heiji
spambase,naive_bayes,f1_score,v4,4,0.7989013704358404,arthur--heiji
spambase,naive_bayes,f1_score,v5,5,0.8103496913018172,arthur--heiji
spambase,naive_bayes,f1_score,v6,6,0.7967802157606966,arthur--heiji
spambase,naive_bayes,f1_score,v7,7,0.8345292413714762,arthur--heiji
spambase,naive_bayes,f1_score,v8,8,0.7923361006883919,arthur--heiji
spambase,naive_bayes,f1_score,v9,9,0.8368825592762262,arthur--heiji
spambase,naive_bayes,f1_score,v10,10,0.8208681214421252,arthur--heiji
spambase,naive_bayes,f1_score,v11,11,0.8300460410390496,arthur--heiji
spambase,naive_bayes,f1_score,v12,12,0.8087065832263001,arthur--heiji
spambase,naive_bayes,f1_score,v13,13,0.8095375548171029,arthur--heiji
spambase,naive_bayes,f1_score,v14,14,0.8060781750317361,arthur--heiji
spambase,naive_bayes,f1_score,v15,15,0.8170047007901278,arthur--heiji
spambase,naive_bayes,f1_score,v16,16,0.8103092783505155,arthur--heiji
spambase,naive_bayes,f1_score,v17,17,0.8046850445531109,arthur--heiji
spambase,naive_bayes,f1_score,v18,18,0.8350071736011477,arthur--heiji
spambase,naive_bayes,f1_score,v19,19,0.8313541692537126,arthur--heiji
spambase,naive_bayes,f1_score,v20,20,0.7973745966559108,arthur--heiji
tic-tac-toe,naive_bayes,f1_score,v1,1,0.6,leandro-menoni
tic-tac-toe,naive_bayes,f1_score,v2,2,0.59,leandro-menoni
tic-tac-toe,naive_bayes,f1_score,v3,3,0.59,leandro-menoni
tic-tac-toe,naive_bayes,f1_score,v4,4,0.52,leandro-menoni
tic-tac-toe,naive_bayes,f1_score,v5,5,0.59,leandro-menoni
tic-tac-toe,naive_bayes,f1_score,v6,6,0.59,leandro-menoni
tic-tac-toe,naive_bayes,f1_score,v7,7,0.61,leandro-menoni
tic-tac-toe,naive_bayes,f1_score,v8,8,0.58,leandro-menoni
tic-tac-toe,naive_bayes,f1_score,v9,9,0.58,leandro-menoni
tic-tac-toe,naive_bayes,f1_score,v10,10,0.57,leandro-menoni
tic-tac-toe,naive_bayes,f1_score,v11,11,0.59,leandro-menoni
tic-tac-toe,naive_bayes,f1_score,v12,12,0.55,leandro-menoni
tic-tac-toe,naive_bayes,f1_score,v13,13,0.59,leandro-menoni
tic-tac-toe,naive_bayes,f1_score,v14,14,0.59,leandro-menoni
tic-tac-toe,naive_bayes,f1_score,v15,15,0.57,leandro-menoni
tic-tac-toe,naive_bayes,f1_score,v16,16,0.59,leandro-menoni
tic-tac-toe,naive_bayes,f1_score,v17,17,0.62,leandro-menoni
tic-tac-toe,naive_bayes,f1_score,v18,18,0.52,leandro-menoni
tic-tac-toe,naive_bayes,f1_score,v19,19,0.59,leandro-menoni
tic-tac-toe,naive_bayes,f1_score,v20,20,0.53,leandro-menoni
vertebra-column,naive_bayes,f1_score,v1,1,0.8357142857142857,eduardo-barbeiro
vertebra-column,naive_bayes,f1_score,v2,2,0.8770114942528736,eduardo-barbeiro
vertebra-column,naive_bayes,f1_score,v3,3,0.7432950191570882,eduardo-barbeiro
vertebra-column,naive_bayes,f1_score,v4,4,0.7056774642981539,eduardo-barbeiro
vertebra-column,naive_bayes,f1_score,v5,5,0.6856800856800858,eduardo-barbeiro
vertebra-column,naive_bayes,f1_score,v6,6,0.7205128205128206,eduardo-barbeiro
vertebra-column,naive_bayes,f1_score,v7,7,0.9034578990973706,eduardo-barbeiro
vertebra-column,naive_bayes,f1_score,v8,8,0.7347763347763347,eduardo-barbeiro
vertebra-column,naive_bayes,f1_score,v9,9,0.8344877344877345,eduardo-barbeiro
vertebra-column,naive_bayes,f1_score,v10,10,0.7167919799498748,eduardo-barbeiro
vertebra-column,naive_bayes,f1_score,v11,11,0.8881446039340776,eduardo-barbeiro
vertebra-column,naive_bayes,f1_score,v12,12,0.7762416794674859,eduardo-barbeiro
vertebra-column,naive_bayes,f1_score,v13,13,0.7583157583157583,eduardo-barbeiro
vertebra-column,naive_bayes,f1_score,v14,14,0.7861246612466125,eduardo-barbeiro
vertebra-column,naive_bayes,f1_score,v15,15,0.7486821186511589,eduardo-barbeiro
vertebra-column,naive_bayes,f1_score,v16,16,0.7532467532467533,eduardo-barbeiro
vertebra-column,naive_bayes,f1_score,v17,17,0.8341044919992289,eduardo-barbeiro
vertebra-column,naive_bayes,f1_score,v18,18,0.8310267471958586,eduardo-barbeiro
vertebra-column,naive_bayes,f1_score,v19,19,0.8424691358024691,eduardo-barbeiro
vertebra-column,naive_bayes,f1_score,v20,20,0.7002489884842825,eduardo-barbeiro
wine,naive_bayes,f1_score,v1,1,0.945824706694272,larissa-v2
wine,naive_bayes,f1_score,v2,2,0.944055944055944,larissa-v2
wine,naive_bayes,f1_score,v3,3,1.0,larissa-v2
wine,naive_bayes,f1_score,v4,4,1.0,larissa-v2
wine,naive_bayes,f1_score,v5,5,1.0,larissa-v2
wine,naive_bayes,f1_score,v6,6,1.0,larissa-v2
wine,naive_bayes,f1_score,v7,7,0.944055944055944,larissa-v2
wine,naive_bayes,f1_score,v8,8,0.9740129935032484,larissa-v2
wine,naive_bayes,f1_score,v9,9,0.9726327312534208,larissa-v2
wine,naive_bayes,f1_score,v10,10,1.0,larissa-v2
wine,naive_bayes,f1_score,v11,11,0.942857142857143,larissa-v2
wine,naive_bayes,f1_score,v12,12,1.0,larissa-v2
wine,naive_bayes,f1_score,v13,13,1.0,larissa-v2
wine,naive_bayes,f1_score,v14,14,0.9726327312534208,larissa-v2
wine,naive_bayes,f1_score,v15,15,0.9441538629181648,larissa-v2
wine,naive_bayes,f1_score,v16,16,0.9457411645054664,larissa-v2
wine,naive_bayes,f1_score,v17,17,0.970961887477314,larissa-v2
wine,naive_bayes,f1_score,v18,18,1.0,larissa-v2
wine,naive_bayes,f1_score,v19,19,1.0,larissa-v2
wine,naive_bayes,f1_score,v20,20,0.9441538629181648,larissa-v2
wine-white,naive_bayes,f1_score,v1,1,0.6669601584855822,lucas-v2
wine-white,naive_bayes,f1_score,v2,2,0.6494808449695668,lucas-v2
wine-white,naive_bayes,f1_score,v3,3,0.7019606178402276,lucas-v2
wine-white,naive_bayes,f1_score,v4,4,0.663518821603928,lucas-v2
wine-white,naive_bayes,f1_score,v5,5,0.6474327130064835,lucas-v2
wine-white,naive_bayes,f1_score,v6,6,0.6377945749503577,lucas-v2
wine-white,naive_bayes,f1_score,v7,7,0.6843133535660091,lucas-v2
wine-white,naive_bayes,f1_score,v8,8,0.6566518587795184,lucas-v2
wine-white,naive_bayes,f1_score,v9,9,0.6846140874227331,lucas-v2
wine-white,naive_bayes,f1_score,v10,10,0.6547263215246084,lucas-v2
wine-white,naive_bayes,f1_score,v11,11,0.6755397044741716,lucas-v2
wine-white,naive_bayes,f1_score,v12,12,0.6714734688587721,lucas-v2
wine-white,naive_bayes,f1_score,v13,13,0.6518759850843809,lucas-v2
wine-white,naive_bayes,f1_score,v14,14,0.6692649324753014,lucas-v2
wine-white,naive_bayes,f1_score,v15,15,0.6711802065032554,lucas-v2
wine-white,naive_bayes,f1_score,v16,16,0.6764447011101177,lucas-v2
wine-white,naive_bayes,f1_score,v17,17,0.6677018964100078,lucas-v2
wine-white,naive_bayes,f1_score,v18,18,0.6508267405575481,lucas-v2
wine-white,naive_bayes,f1_score,v19,19,0.676769677760169,lucas-v2
wine-white,naive_bayes,f1_score,v20,20,0.6725657282456956,lucas-v2
winequality-red,naive_bayes,f1_score,v1,1,0.866115669703344,arthur-hydeki
winequality-red,naive_bayes,f1_score,v2,2,0.8218794116999818,arthur-hydeki
winequality-red,naive_bayes,f1_score,v3,3,0.9582595849748036,arthur-hydeki
winequality-red,naive_bayes,f1_score,v4,4,0.8492563554139136,arthur-hydeki
winequality-red,naive_bayes,f1_score,v5,5,0.821375015021039,arthur-hydeki
winequality-red,naive_bayes,f1_score,v6,6,0.8946146648913355,arthur-hydeki
winequality-red,naive_bayes,f1_score,v7,7,0.8957714280917234,arthur-hydeki
winequality-red,naive_bayes,f1_score,v8,8,0.8036695595792928,arthur-hydeki
winequality-red,naive_bayes,f1_score,v9,9,0.7914096774200318,arthur-hydeki
winequality-red,naive_bayes,f1_score,v10,10,0.8451412764441305,arthur-hydeki
winequality-red,naive_bayes,f1_score,v11,11,0.9048814045245692,arthur-hydeki
winequality-red,naive_bayes,f1_score,v12,12,0.8151657792235754,arthur-hydeki
winequality-red,naive_bayes,f1_score,v13,13,0.9556459363170868,arthur-hydeki
winequality-red,naive_bayes,f1_score,v14,14,0.8579421008031055,arthur-hydeki
winequality-red,naive_bayes,f1_score,v15,15,0.8560069161593571,arthur-hydeki
winequality-red,naive_bayes,f1_score,v16,16,0.876014098091639,arthur-hydeki
winequality-red,naive_bayes,f1_score,v17,17,0.8408534412282591,arthur-hydeki
winequality-red,naive_bayes,f1_score,v18,18,0.9157325837037842,arthur-hydeki
winequality-red,naive_bayes,f1_score,v19,19,0.8872795138081948,arthur-hydeki
winequality-red,naive_bayes,f1_score,v20,20,0.8686204991455415,arthur-hydeki
